ypos @ 410.5 (mm),B-field (Gauss),ypos @ 736.5 (mm),B-field (Gauss)
0,1946.8076151335,0,2680.8755414855
