ypos @ 411 (mm),B-field (Gauss),ypos @ 737 (mm),B-field (Gauss)
0,0.012152215547045,0,0.030079629387161
