ypos @ 411 (mm),B-field (Gauss),ypos @ 737 (mm),B-field (Gauss)
0,1639.0806279163,0,2612.6038985449
