ypos @ 410.5 (mm),B-field (Gauss),ypos @ 736.5 (mm),B-field (Gauss)
0,1946.8069231288,0,2477.7801545998
