ypos @ 410.5 (mm),B-field (Gauss),ypos @ 736.5 (mm),B-field (Gauss)
0,1946.8067742797,0,2437.1610767661
