ypos @ 410.5 (mm),B-field (Gauss),ypos @ 736.5 (mm),B-field (Gauss)
0,1819.8416710564,0,2559.0167456788
