ypos @ 410.5 (mm),B-field (Gauss),ypos @ 736.5 (mm),B-field (Gauss)
0,1653.4737870462,0,2640.2522722324
